symbol,company_name,industry_raw,industry
ABB,ABBank (Ngân hàng TMCP An Bình),1. Nhóm cổ phiếu ngành ngân hàng,ngân hàng
ACB,ACB (Ngân hàng Á Châu),1. Nhóm cổ phiếu ngành ngân hàng,ngân hàng
BAB,Bac A Bank (Ngân hàng TMCP Bắc Á),1. Nhóm cổ phiếu ngành ngân hàng,ngân hàng
BID,BIDV (Ngân hàng TMCP Đầu tư và Phát triển Việt Nam),1. Nhóm cổ phiếu ngành ngân hàng,ngân hàng
BVB,BVBank (Ngân hàng Bản Việt),1. Nhóm cổ phiếu ngành ngân hàng,ngân hàng
CTG,Vietinbank (Ngân hàng TMCP Công thương Việt Nam),1. Nhóm cổ phiếu ngành ngân hàng,ngân hàng
EIB,Eximbank (Ngân hàng TMCP Xuất Nhập khẩu Việt Nam),1. Nhóm cổ phiếu ngành ngân hàng,ngân hàng
HDB,HD bank (Ngân hàng TMCP Phát triển Thành phố Hồ Chí Minh),1. Nhóm cổ phiếu ngành ngân hàng,ngân hàng
KLB,KienlongBank (Ngân hàng Kiên Long),1. Nhóm cổ phiếu ngành ngân hàng,ngân hàng
LPB,LPBank (Ngân hàng Bưu điện Liên Việt),1. Nhóm cổ phiếu ngành ngân hàng,ngân hàng
MBB,MB bank (Ngân hàng TMCP Quân đội),1. Nhóm cổ phiếu ngành ngân hàng,ngân hàng
MSB,MSB (Ngân hàng TMCP Hàng hải Việt Nam),1. Nhóm cổ phiếu ngành ngân hàng,ngân hàng
NAB,Nam A Bank (Ngân hàng TMCP Nam Á),1. Nhóm cổ phiếu ngành ngân hàng,ngân hàng
NVB,NCB (Ngân hàng TMCP Quốc dân),1. Nhóm cổ phiếu ngành ngân hàng,ngân hàng
OCB,OCB (Ngân hàng TMCP Phương Đông),1. Nhóm cổ phiếu ngành ngân hàng,ngân hàng
PGB,PGbank (Ngân hàng TMCP Xăng Dầu Petrolimex),1. Nhóm cổ phiếu ngành ngân hàng,ngân hàng
SGB,Saigon Bank (TMCP Sài Gòn Công thương),1. Nhóm cổ phiếu ngành ngân hàng,ngân hàng
SHB,SHB (Ngân hàng TMCP Sài Gòn - Hà Nội),1. Nhóm cổ phiếu ngành ngân hàng,ngân hàng
SSB,SeABank (Ngân hàng TMCP Đông Nam Á),1. Nhóm cổ phiếu ngành ngân hàng,ngân hàng
STB,Sacombank (Ngân hàng TMCP Sài Gòn Thương Tín),1. Nhóm cổ phiếu ngành ngân hàng,ngân hàng
TCB,Techcombank (Ngân hàng TMCP Kỹ Thương Việt Nam),1. Nhóm cổ phiếu ngành ngân hàng,ngân hàng
TPB,TPBank (Ngân hàng TMCP Tiên Phong),1. Nhóm cổ phiếu ngành ngân hàng,ngân hàng
VAB,VietABank (Ngân hàng TMCP Việt Á),1. Nhóm cổ phiếu ngành ngân hàng,ngân hàng
VBB,Vietbank (Ngân hàng TMCP Việt Nam Thương Tín),1. Nhóm cổ phiếu ngành ngân hàng,ngân hàng
VCB,Vietcombank (Ngân hàng TMCP Ngoại thương Việt Nam),1. Nhóm cổ phiếu ngành ngân hàng,ngân hàng
VIB,VIB (Ngân hàng TMCP Việt Nam Thịnh Vượng),1. Nhóm cổ phiếu ngành ngân hàng,ngân hàng
AGR,CTCP chứng khoán Agribank - HOSE,2. Nhóm cổ phiếu chứng khoán,chứng khoán
APG,CTCP Chứng khoán APG,2. Nhóm cổ phiếu chứng khoán,chứng khoán
APS,CTCP Chứng khoán Châu Á Thái Bình Dương - HNX,2. Nhóm cổ phiếu chứng khoán,chứng khoán
ART,CTCP Chứng khoán BOS - HNX,2. Nhóm cổ phiếu chứng khoán,chứng khoán
BSI,CTCP Chứng khoán Ngân hàng Đầu tư và Phát triển Việt Nam - HOSE,2. Nhóm cổ phiếu chứng khoán,chứng khoán
BVS,CTCP Chứng khoán Bảo Việt - HNX,2. Nhóm cổ phiếu chứng khoán,chứng khoán
CTS,CTCP Chứng khoán Ngân hàng Công thương Việt Nam - HOSE,2. Nhóm cổ phiếu chứng khoán,chứng khoán
EVS,CTCP Chứng khoán Everest - HNX,2. Nhóm cổ phiếu chứng khoán,chứng khoán
FTS,CTCP Chứng khoán FPT - HOSE,2. Nhóm cổ phiếu chứng khoán,chứng khoán
HBS,CTCP Chứng khoán Hòa Bình - HNX,2. Nhóm cổ phiếu chứng khoán,chứng khoán
HCM,CTCP Chứng khoán Thành phố Hồ Chí Minh - HOSE,2. Nhóm cổ phiếu chứng khoán,chứng khoán
IVS,CTCP Chứng khoán Đầu tư Việt Nam - HNX,2. Nhóm cổ phiếu chứng khoán,chứng khoán
MBS,CTCP Chứng khoán MB - HNX,2. Nhóm cổ phiếu chứng khoán,chứng khoán
PSI,CTCP Chứng khoán Dầu khí - HNX,2. Nhóm cổ phiếu chứng khoán,chứng khoán
SHS,CTCP Chứng khoán Sài Gòn – Hà Nội - HNX,2. Nhóm cổ phiếu chứng khoán,chứng khoán
SSI,CTCP Chứng khoán SSI - HOSE,2. Nhóm cổ phiếu chứng khoán,chứng khoán
TVB,CTCP Chứng khoán Trí Việt,2. Nhóm cổ phiếu chứng khoán,chứng khoán
TVS,CTCP Chứng khoán Thiên Việt - HOSE,2. Nhóm cổ phiếu chứng khoán,chứng khoán
VCI,CTCP Chứng khoán Bản Việt - HOSE,2. Nhóm cổ phiếu chứng khoán,chứng khoán
VDS,CTCP Chứng khoán Rồng Việt - HOSE,2. Nhóm cổ phiếu chứng khoán,chứng khoán
VIG,CTCP Chứng khoán Thương mại và Công nghiệp Việt Nam - HNX,2. Nhóm cổ phiếu chứng khoán,chứng khoán
VIX,CTCP Chứng khoán VIX - HOSE,2. Nhóm cổ phiếu chứng khoán,chứng khoán
VND,CTCP Chứng khoán VNDirect - HOSE,2. Nhóm cổ phiếu chứng khoán,chứng khoán
WSS,CTCP Chứng khoán Phố Wall - HNX,2. Nhóm cổ phiếu chứng khoán,chứng khoán
AVC,CTCP Thủy Điện A Vương - UPCOM,3. Nhóm cổ phiếu ngành điện,điện
BHA,CTCP Thủy điện Bắc Hà - UPCOM,3. Nhóm cổ phiếu ngành điện,điện
BSA,CTCP Thủy điện Buôn Đôn - UPCOM,3. Nhóm cổ phiếu ngành điện,điện
BTP,CTCP Nhiệt điện Bà Rịa - HOSE,3. Nhóm cổ phiếu ngành điện,điện
CHP,CTCP Thủy điện miền Trung - HOSE,3. Nhóm cổ phiếu ngành điện,điện
DHP,CTCP Điện Cơ Hải Phòng - HNX,3. Nhóm cổ phiếu ngành điện,điện
DNA,CTCP Điện nước An Giang - UPCOM,3. Nhóm cổ phiếu ngành điện,điện
DNH,CTCP Thủy điện Đa Nhim – Hàm Thuận – Đa Mi - UPCOM,3. Nhóm cổ phiếu ngành điện,điện
DRL,CTCP Thủy điện – Điện lực 3 - HOSE,3. Nhóm cổ phiếu ngành điện,điện
DTE,CTCP Đầu tư Năng lượng Đại Trường Thành Holdings,3. Nhóm cổ phiếu ngành điện,điện
DTK,Tổng công ty Điện lực TKV – CTCP - HNX,3. Nhóm cổ phiếu ngành điện,điện
EAD,CTCP Thủy điện Điện lực Đắk Lắk - UPCOM,3. Nhóm cổ phiếu ngành điện,điện
EBA,CTCP Điện Bắc Nà - HNX,3. Nhóm cổ phiếu ngành điện,điện
EIC,CTCP EVN Quốc tế - UPCOM,3. Nhóm cổ phiếu ngành điện,điện
GE2,Tổng công ty Phát điện 2 – Công ty TNHH MTV - UPCOM,3. Nhóm cổ phiếu ngành điện,điện
GEG,CTCP Điện Gia Lai - HOSE,3. Nhóm cổ phiếu ngành điện,điện
GHC,CTCP Thủy điện Gia Lai - UPCOM,3. Nhóm cổ phiếu ngành điện,điện
GSM,CTCP Thủy điện Hương Sơn - UPCOM,3. Nhóm cổ phiếu ngành điện,điện
HJS,CTCP Thủy điện Nậm Mu - HNX,3. Nhóm cổ phiếu ngành điện,điện
HLE,CTCP Điện chiếu sáng Hải Phòng - UPCOM,3. Nhóm cổ phiếu ngành điện,điện
HNA,CTCP Thủy điện Hủa Na - UPCOM,3. Nhóm cổ phiếu ngành điện,điện
HND,CTCP Nhiệt điện Hải Phòng - UPCOM,3. Nhóm cổ phiếu ngành điện,điện
HPD,Công ty CTCP Thủy điện Đăk Đoa - UPCOM,3. Nhóm cổ phiếu ngành điện,điện
ISH,CTCP Thủy điện Srok Phu Miêng IDICO - UPCOM,3. Nhóm cổ phiếu ngành điện,điện
KHP,CTCP Điện lực Khánh Hòa - HOSE,3. Nhóm cổ phiếu ngành điện,điện
NBP,CTCP Nhiệt điện Ninh Bình - HNX,3. Nhóm cổ phiếu ngành điện,điện
ND2,CTCP Đầu tư và Phát triển Điện Miền Bắc 2 - UPCOM,3. Nhóm cổ phiếu ngành điện,điện
NED,CTCP Đầu tư và Phát triển Điện Tây Bắc - UPCOM,3. Nhóm cổ phiếu ngành điện,điện
NT2,CTCP Điện lực Dầu khí Nhơn Trạch 2 - HOSE,3. Nhóm cổ phiếu ngành điện,điện
NTH,CTCP thủy điện Nước Trong - HNX,3. Nhóm cổ phiếu ngành điện,điện
PC1,CTCP Tập đoàn PC1 - HOSE,3. Nhóm cổ phiếu ngành điện,điện
PGV,Tổng Công ty Phát điện 3 – CTCP - UPCOM,3. Nhóm cổ phiếu ngành điện,điện
PIC,CTCP Đầu tư Điện lực 3 - HNX,3. Nhóm cổ phiếu ngành điện,điện
POW,Tổng Công ty Điện lực Dầu khí Việt Nam – CTCP - HOSE,3. Nhóm cổ phiếu ngành điện,điện
PPC,CTCP Nhiệt điện Phả Lại - HOSE,3. Nhóm cổ phiếu ngành điện,điện
QPH,CTCP Thủy điện Quế Phong- UPCOM,3. Nhóm cổ phiếu ngành điện,điện
QTP,CTCP Nhiệt điện Quảng Ninh - UPCOM,3. Nhóm cổ phiếu ngành điện,điện
S4A,CTCP Thủy điện Sê San 4A - HOSE,3. Nhóm cổ phiếu ngành điện,điện
SBA,CTCP Sông Ba - HOSE,3. Nhóm cổ phiếu ngành điện,điện
SBH,CTCP Thủy điện Sông Ba Hạ - UPCOM,3. Nhóm cổ phiếu ngành điện,điện
SBM,CTCP Đầu tư Phát triển Bắc Minh - UPCOM,3. Nhóm cổ phiếu ngành điện,điện
SEB,CTCP Đầu tư và Phát triển Điện miền Trung - HNX,3. Nhóm cổ phiếu ngành điện,điện
SHP,CTCP Thủy điện Miền Nam - HOSE,3. Nhóm cổ phiếu ngành điện,điện
SJD,CTCP Thủy điện Cần Đơn - HOSE,3. Nhóm cổ phiếu ngành điện,điện
SP2,CTCP Thủy điện Sử Pán 2 - UPCOM,3. Nhóm cổ phiếu ngành điện,điện
SVH,CTCP Thủy điện Sông Vàng - UPCOM,3. Nhóm cổ phiếu ngành điện,điện
TBC,CTCP Thủy điện Thác Bà - HOSE,3. Nhóm cổ phiếu ngành điện,điện
TBD,Tổng Công ty Thiết bị Điện Đông Anh – CTCP - UPCOM,3. Nhóm cổ phiếu ngành điện,điện
TDB,CTCP Thủy điện Định Bình - UPCOM,3. Nhóm cổ phiếu ngành điện,điện
TIC,CTCP Đầu tư Điện Tây Nguyên - HOSE,3. Nhóm cổ phiếu ngành điện,điện
TMP,CTCP Thủy điện Thác Mơ - HOSE,3. Nhóm cổ phiếu ngành điện,điện
TTA,CTCP Đầu tư Xây dựng và Phát triển Trường Thành - HSX,3. Nhóm cổ phiếu ngành điện,điện
TTE,CTCP Đầu tư Năng lượng Trường Thịnh - HOSE,3. Nhóm cổ phiếu ngành điện,điện
TV2,CTCP Tư vấn Xây dựng Điện 2 - HOSE,3. Nhóm cổ phiếu ngành điện,điện
VCP,CTCP Xây dựng và Năng lượng VCP - HOSE,3. Nhóm cổ phiếu ngành điện,điện
VNE,Tổng CTCP Xây dựng điện Việt Nam - HOSE,3. Nhóm cổ phiếu ngành điện,điện
VPD,CTCP Phát triển Điện lực Việt Nam - HSX,3. Nhóm cổ phiếu ngành điện,điện
VSH,CTCP Thủy điện Vĩnh Sơn – Sông Hinh - HOSE,3. Nhóm cổ phiếu ngành điện,điện
ASP,CTCP Tập đoàn Dầu khí An Pha - HOSE,4. Cổ phiếu ngành dầu khí,dầu khí
BSR,CTCP Lọc Hóa dầu Bình Sơn - UPCOM,4. Cổ phiếu ngành dầu khí,dầu khí
CNG,CTCP CNG Việt Nam - HOSE,4. Cổ phiếu ngành dầu khí,dầu khí
GAS,Tổng Công ty Khí Việt Nam-CTCP - HOSE,4. Cổ phiếu ngành dầu khí,dầu khí
GSP,CTCP Vận tải Sản phẩm Khí Quốc tế,4. Cổ phiếu ngành dầu khí,dầu khí
HFC,CTCP Xăng dầu HFC - UPCOM,4. Cổ phiếu ngành dầu khí,dầu khí
OIL,Tổng Công ty Dầu Việt Nam – CTCP - UPCOM,4. Cổ phiếu ngành dầu khí,dầu khí
PBK,CTCP Điện lực Dầu khí Bắc Kạn - UPCOM,4. Cổ phiếu ngành dầu khí,dầu khí
PCG,CTCP Đầu tư và Phát triển Gas Đô Thị - HNX,4. Cổ phiếu ngành dầu khí,dầu khí
PDT,Công ty TNHH MTV Thương mại Dầu khí Đồng Tháp - UPCOM,4. Cổ phiếu ngành dầu khí,dầu khí
PDV,CTCP Vận tải dầu Phương Đông Việt - UPCOM,4. Cổ phiếu ngành dầu khí,dầu khí
PEG,Tổng Công ty Thương mại Kỹ thuật và Đầu tư – CTCP - UPCOM,4. Cổ phiếu ngành dầu khí,dầu khí
PEQ,CTCP Thiết bị Xăng dầu Petrolimex - UPCOM,4. Cổ phiếu ngành dầu khí,dầu khí
PGC,Tổng Công ty Gas Petrolimex-CTCP - HOSE,4. Cổ phiếu ngành dầu khí,dầu khí
PGD,CTCP Phân phối Khí thấp áp Dầu khí Việt Nam - HOSE,4. Cổ phiếu ngành dầu khí,dầu khí
PGS,CTCP Kinh doanh Khí Miền Nam - HNX,4. Cổ phiếu ngành dầu khí,dầu khí
PJC,CTCP Thương mại và Vận tải Petrolimex Hà Nội - HNX,4. Cổ phiếu ngành dầu khí,dầu khí
PLC,Tổng Công ty Hóa dầu Petrolimex – CTCP,4. Cổ phiếu ngành dầu khí,dầu khí
PLX,Tập đoàn Xăng dầu Việt Nam - HOSE,4. Cổ phiếu ngành dầu khí,dầu khí
PMG,CTCP Đầu tư và Sản xuất Petro Miền Trung - HOSE,4. Cổ phiếu ngành dầu khí,dầu khí
POB,CTCP Xăng dầu Dầu khí Thái Bình - UPCOM,4. Cổ phiếu ngành dầu khí,dầu khí
POS,"CTCP Dịch vụ Lắp đặt, Vận hành và Bảo dưỡng Công trình Dầu khí biển PTSC - UPCOM",4. Cổ phiếu ngành dầu khí,dầu khí
POV,CTCP Xăng dầu Dầu khí Vũng Áng - UPCOM,4. Cổ phiếu ngành dầu khí,dầu khí
PPT,CTCP Petro Times - HNX,4. Cổ phiếu ngành dầu khí,dầu khí
PPY,CTCP Xăng dầu Dầu khí Phú Yên - HNX,4. Cổ phiếu ngành dầu khí,dầu khí
PQN,CTCP Dịch vụ Dầu khí Quảng Ngãi PTSC - UPCOM,4. Cổ phiếu ngành dầu khí,dầu khí
PSC,CTCP Vận tải và Dịch vụ Petrolimex Sài Gòn - HNX,4. Cổ phiếu ngành dầu khí,dầu khí
PSH,CTCP Thương mại Đầu tư Dầu khí Nam Sông Hậu - HSX,4. Cổ phiếu ngành dầu khí,dầu khí
PSN,CTCP Cảng dịch vụ Dầu khí Tổng hợp PTSC Thanh Hóa - UPCOM,4. Cổ phiếu ngành dầu khí,dầu khí
PTH,CTCP Vận tải và Dịch vụ Petrolimex Hà Tây - UPCOM,4. Cổ phiếu ngành dầu khí,dầu khí
PTS,CTCP Vận tải và Dịch vụ Petrolimex Hải Phòng - HNX,4. Cổ phiếu ngành dầu khí,dầu khí
PTT,CTCP Vận tải Dầu khí Đông Dương - UPCOM,4. Cổ phiếu ngành dầu khí,dầu khí
PTV,CTCP Thương mại Dầu khí - UPCOM,4. Cổ phiếu ngành dầu khí,dầu khí
PTX,CTCP Vận tải và Dịch vụ Petrolimex Nghệ Tĩnh - UPCOM,4. Cổ phiếu ngành dầu khí,dầu khí
PVB,CTCP Bọc Ống Dầu khí Việt Nam - HNX,4. Cổ phiếu ngành dầu khí,dầu khí
PVC,Tổng Công ty Hóa chất và Dịch vụ Dầu khí – CTCP (PVChem),4. Cổ phiếu ngành dầu khí,dầu khí
PVD,Tổng CTCP Khoan và Dịch vụ Khoan Dầu khí - HOSE,4. Cổ phiếu ngành dầu khí,dầu khí
PVE,Tổng Công ty Tư vấn thiết kế Dầu khí - UPCOM,4. Cổ phiếu ngành dầu khí,dầu khí
PVG,CTCP Kinh doanh LPG Việt Nam - HNX,4. Cổ phiếu ngành dầu khí,dầu khí
PVM,CTCP Máy – Thiết bị Dầu khí - UPCOM,4. Cổ phiếu ngành dầu khí,dầu khí
PVP,CTCP Vận tải dầu khí Thái Bình Dương - UPCOM,4. Cổ phiếu ngành dầu khí,dầu khí
PVS,Tổng CTCP Dịch vụ Kỹ thuật Dầu khí Việt Nam - HNX,4. Cổ phiếu ngành dầu khí,dầu khí
PVT,Tổng CTCP Vận tải Dầu khí - HOSE,4. Cổ phiếu ngành dầu khí,dầu khí
SHE,CTCP Phát triển năng lượng Sơn Hà - HNX,4. Cổ phiếu ngành dầu khí,dầu khí
TDG,CTCP Đầu tư TDG GLOBAL - HSX,4. Cổ phiếu ngành dầu khí,dầu khí
TOS,CTCP Dịch vụ biển Tân Cảng - UPCOM,4. Cổ phiếu ngành dầu khí,dầu khí
VMG,CTCP Thương mại và Dịch vụ Dầu khí Vũng Tàu - UPCOM,4. Cổ phiếu ngành dầu khí,dầu khí
VTO,CTCP Vận tải Xăng dầu VITACO - HOSE,4. Cổ phiếu ngành dầu khí,dầu khí
ATS,CTCP Suất ăn Công nghiệp Atesco- UPCOM,5. Cổ phiếu ngành du lịch,du lịch
BCV,CTCP Du lịch & Thương mại Bằng Giang Cao Bằng- UPCOM,5. Cổ phiếu ngành du lịch,du lịch
BLN,CTCP Vận tải Dịch vụ LIên Ninh - UPCOM,5. Cổ phiếu ngành du lịch,du lịch
BRS,CTCP Dịch vụ Đô thị Bà Rịa- UPCOM,5. Cổ phiếu ngành du lịch,du lịch
BSC,CTCP Dịch vụ Bến Thành- UPCOM,5. Cổ phiếu ngành du lịch,du lịch
BSG,CTCP Xe khách Sài Gòn - UPCOM,5. Cổ phiếu ngành du lịch,du lịch
BTV,CTCP Dịch vụ Du lịch Bến Thành- UPCOM,5. Cổ phiếu ngành du lịch,du lịch
CMS,CTCP CMVIETNAM- HNX,5. Cổ phiếu ngành du lịch,du lịch
CPH,CTCP Phục vụ Mai táng Hải Phòng- UPCOM,5. Cổ phiếu ngành du lịch,du lịch
CTC,CTCP Gia Lai CTC,5. Cổ phiếu ngành du lịch,du lịch
CXH,CTCP Xe khách Hà Nội,5. Cổ phiếu ngành du lịch,du lịch
DAH,CTCP Tập đoàn Khách sạn Đông Á,5. Cổ phiếu ngành du lịch,du lịch
DAR,CTCP Xe lửa Dĩ An,5. Cổ phiếu ngành du lịch,du lịch
DBH,CTCP Đường bộ Hải Phòng,5. Cổ phiếu ngành du lịch,du lịch
DL1,CTCP Tập đoàn Năng lượng Tái tạo Việt Nam,5. Cổ phiếu ngành du lịch,du lịch
DLD,CTCP Du lịch Đắk Lắk,5. Cổ phiếu ngành du lịch,du lịch
DLT,CTCP Du lịch và Thương mại – Vinacomin,5. Cổ phiếu ngành du lịch,du lịch
DNT,CTCP Du lịch Đồng Nai,5. Cổ phiếu ngành du lịch,du lịch
DSN,CTCP Công viên nước Đầm Sen,5. Cổ phiếu ngành du lịch,du lịch
DSP,CTCP Dịch vụ Du lịch Phú Thọ,5. Cổ phiếu ngành du lịch,du lịch
DTI,CTCP Đầu tư Đức Trung - UPCOM,5. Cổ phiếu ngành du lịch,du lịch
DXL,CTCP Du Lịch và Xuất nhập khẩu Lạng Sơn,5. Cổ phiếu ngành du lịch,du lịch
EIN,CTCP Đầu tư – Thương mại – Dịch vụ Điện Lực,5. Cổ phiếu ngành du lịch,du lịch
GTT,CTCP Thuận Thảo - UPCOM,5. Cổ phiếu ngành du lịch,du lịch
HAX,CTCP Dịch vụ Ô tô Hàng Xanh,5. Cổ phiếu ngành du lịch,du lịch
HES,CTCP Dịch vụ Giải trí Hà Nội,5. Cổ phiếu ngành du lịch,du lịch
HHG,CTCP Hoàng Hà - HNX,5. Cổ phiếu ngành du lịch,du lịch
HNT,CTCP Xe điện Hà Nội,5. Cổ phiếu ngành du lịch,du lịch
HOT,CTCP Du lịch Dịch vụ Hội An,5. Cổ phiếu ngành du lịch,du lịch
HRT,CTCP Vận tải đường sắt Hà Nội - UPCOM,5. Cổ phiếu ngành du lịch,du lịch
HVN,Tổng Công ty Hàng không Việt Nam Vietnam Airlines,5. Cổ phiếu ngành du lịch,du lịch
KLF,CTCP Đầu tư Thương mại và Xuất nhập khẩu CFS - HNX,5. Cổ phiếu ngành du lịch,du lịch
KTC,CTCP Thương mại Kiên Giang - UPCOM,5. Cổ phiếu ngành du lịch,du lịch
MAS,CTCP Dịch vụ hàng không sân bay Đà Nẵng - HNX,5. Cổ phiếu ngành du lịch,du lịch
MTC,CTCP Dịch vụ Du lịch Mỹ Trà,5. Cổ phiếu ngành du lịch,du lịch
MVY,CTCP Môi trường và Dịch vụ Đô Thị Vĩnh Yên,5. Cổ phiếu ngành du lịch,du lịch
NVT,CTCP Bất động sản Du lịch Ninh Vân Bay,5. Cổ phiếu ngành du lịch,du lịch
NWT,CTCP Vận tải Newway - UPCOM,5. Cổ phiếu ngành du lịch,du lịch
OCH,CTCP Khách sạn và Dịch vụ OCH,5. Cổ phiếu ngành du lịch,du lịch
ONW,CTCP Dịch vụ Một Thế Giới - UPCOM,5. Cổ phiếu ngành du lịch,du lịch
PAN,CTCP Tập đoàn Pan,5. Cổ phiếu ngành du lịch,du lịch
PDC,CTCP Du lịch Dầu khí Phương Đông,5. Cổ phiếu ngành du lịch,du lịch
PGT,CTCP PGT Holdings - HNX,5. Cổ phiếu ngành du lịch,du lịch
RIC,CTCP QUốc tế Hoàng Gia - HOSE,5. Cổ phiếu ngành du lịch,du lịch
SCS,CTCP Dịch vụ hàng hóa Sài Gòn - HOSE,5. Cổ phiếu ngành du lịch,du lịch
SGH,CTCP Khách sạn Sài Gòn,5. Cổ phiếu ngành du lịch,du lịch
SHX,CTCP Sài Gòn Hỏa xa - UPCOM,5. Cổ phiếu ngành du lịch,du lịch
SKG,CTCP Tàu cao tốc Superdong – Kiên Giang,5. Cổ phiếu ngành du lịch,du lịch
SRT,CTCP Vận tải Đường sắt Sài Gòn - UPCOM,5. Cổ phiếu ngành du lịch,du lịch
STT,CTCP Vận chuyển Sài Gòn Tourist - UPCOM,5. Cổ phiếu ngành du lịch,du lịch
TCT,CTCP Cáp treo Núi Bà Tây Ninh,5. Cổ phiếu ngành du lịch,du lịch
TPS,CTCP Bến bãi Vận tải Sài Gòn - UPCOM,5. Cổ phiếu ngành du lịch,du lịch
TR1,CTCP Vận tải 1 Traco - UPCOM,5. Cổ phiếu ngành du lịch,du lịch
TSD,CTCP Du lịch Trường Sơn Coecco - UPCOM,5. Cổ phiếu ngành du lịch,du lịch
TSJ,CTCP Du lịch Dịch vụ Hà Nội - UPCOM,5. Cổ phiếu ngành du lịch,du lịch
TTT,CTCP Du lịch - Thương mại Tây Ninh - HNX,5. Cổ phiếu ngành du lịch,du lịch
VCM,CTCP Nhân lực và Thương mại Vinaconex,5. Cổ phiếu ngành du lịch,du lịch
VEF,CTCP Trung tâm Hội chợ Triển lãm Việt Nam,5. Cổ phiếu ngành du lịch,du lịch
VIR,CTCP Du lịch Quốc tế Vũng Tàu,5. Cổ phiếu ngành du lịch,du lịch
VJC,CTCP Hàng không Vietjet,5. Cổ phiếu ngành du lịch,du lịch
VNG,CTCP Du lịch Thành Thành Công,5. Cổ phiếu ngành du lịch,du lịch
VNS,CTCP Ánh Dương Việt Nam,5. Cổ phiếu ngành du lịch,du lịch
VTD,CTCP Du lịch Vietourist - UPCOM,5. Cổ phiếu ngành du lịch,du lịch
VTG,CTCP Du lịch Tỉnh Bà Rịa – Vũng Tàu - HOSE,5. Cổ phiếu ngành du lịch,du lịch
VTM,CTCP Vận tải và đưa đón thợ mỏ - Vinacomin - UPCOM,5. Cổ phiếu ngành du lịch,du lịch
VTR,CTCP Du lịch và tiếp thị giao thông vận tải Việt Nam - UPCOM,5. Cổ phiếu ngành du lịch,du lịch
AAT,CTCP Tiên Sơn Thanh Hóa,6. Cổ phiếu ngành bán lẻ,bán lẻ
ABR,CTCP Đầu tư Nhãn Hiệu Việt,6. Cổ phiếu ngành bán lẻ,bán lẻ
AMD,CTCP Đầu tư và Khoáng sản FLC STONE,6. Cổ phiếu ngành bán lẻ,bán lẻ
AST,CTCP Dịch vụ Hàng không Taseco,6. Cổ phiếu ngành bán lẻ,bán lẻ
BTT,CTCP Thương mại – Dịch vụ Bến Thành - HSX,6. Cổ phiếu ngành bán lẻ,bán lẻ
CLX,CTCP Xuất nhập khẩu và đầu tư Chợ Lớn (Cholimex),6. Cổ phiếu ngành bán lẻ,bán lẻ
CMV,CTCP Thương nghiệp Cà Mau - HSX,6. Cổ phiếu ngành bán lẻ,bán lẻ
COM,CTCP Vật tư – Xăng dầu,6. Cổ phiếu ngành bán lẻ,bán lẻ
CTF,CTCP City Auto - HSX,6. Cổ phiếu ngành bán lẻ,bán lẻ
DGW,CTCP Thế giới số - HSX,6. Cổ phiếu ngành bán lẻ,bán lẻ
FRT,CTCP Bán lẻ Kỹ thuật số FPT - HSX,6. Cổ phiếu ngành bán lẻ,bán lẻ
GCB,CTCP Petec Bình Định,6. Cổ phiếu ngành bán lẻ,bán lẻ
HFX,CTCP Sản xuất – Xuất nhập khẩu Thanh Hà,6. Cổ phiếu ngành bán lẻ,bán lẻ
HTC,CTCP Thương mại Hóc Môn,6. Cổ phiếu ngành bán lẻ,bán lẻ
LBC,CTCP Thương mại – Đầu tư Long Biên,6. Cổ phiếu ngành bán lẻ,bán lẻ
LMH,CTCP Landmark Holding,6. Cổ phiếu ngành bán lẻ,bán lẻ
MSN,CTCP Tập đoàn Masan - HSX,6. Cổ phiếu ngành bán lẻ,bán lẻ
MWG,CTCP Đầu tư Thế giới Di động - HSX,6. Cổ phiếu ngành bán lẻ,bán lẻ
PET,Tổng CTCP Dịch vụ Tổng hợp Dầu khí,6. Cổ phiếu ngành bán lẻ,bán lẻ
PIT,CTCP Xuất nhập khẩu Petrolimex,6. Cổ phiếu ngành bán lẻ,bán lẻ
PIV,CTCP PIV,6. Cổ phiếu ngành bán lẻ,bán lẻ
PNG,CTCP Thương mại Phú Nhuận,6. Cổ phiếu ngành bán lẻ,bán lẻ
PNJ,CTCP Vàng bạc Đá quý Phú Nhuận - HSX,6. Cổ phiếu ngành bán lẻ,bán lẻ
PSD,CTCP Dịch vụ Phân phối Tổng hợp Dầu khí,6. Cổ phiếu ngành bán lẻ,bán lẻ
SFC,CTCP Nhiên liệu Sài Gòn,6. Cổ phiếu ngành bán lẻ,bán lẻ
SID,CTCP Đầu tư Phát triển Sài Gòn Co.op,6. Cổ phiếu ngành bán lẻ,bán lẻ
ST8,CTCP Siêu Thanh,6. Cổ phiếu ngành bán lẻ,bán lẻ
T12,CTCP Thương mại dịch vụ Tràng Thi,6. Cổ phiếu ngành bán lẻ,bán lẻ
TH1,CTCP Xuất nhập khẩu Tổng hợp I Việt Nam,6. Cổ phiếu ngành bán lẻ,bán lẻ
THS,CTCP Thanh Hoa – Sông Đà,6. Cổ phiếu ngành bán lẻ,bán lẻ
TMC,CTCP Thương Mại Xuất Nhập Khẩu Thủ Đức,6. Cổ phiếu ngành bán lẻ,bán lẻ
TOP,CTCP Phân phối Top One,6. Cổ phiếu ngành bán lẻ,bán lẻ
VTJ,CTCP Thương mại và Đầu tư Vi na ta ba,6. Cổ phiếu ngành bán lẻ,bán lẻ
MCH,CTCP Hàng tiêu dùng Masan - UPCOM,6. Cổ phiếu ngành bán lẻ,bán lẻ
C47,CTCP Xây dựng 47 - HSX,7. Cổ phiếu đầu tư công,đầu tư công
C4G,CTCP Tập đoàn CIENCO4 - UPCOM,7. Cổ phiếu đầu tư công,đầu tư công
CII,CTCP Đầu tư Hạ tầng Kỹ thuật Thành phố Hồ Chí Minh - HSX,7. Cổ phiếu đầu tư công,đầu tư công
CTD,CTCP Xây dựng COTECCONS - HSX,7. Cổ phiếu đầu tư công,đầu tư công
CTI,CTCP Đầu tư Phát triển Cường Thuận IDICO - HSX,7. Cổ phiếu đầu tư công,đầu tư công
CTR,Tổng CTCP Công trình Viettel - HSX,7. Cổ phiếu đầu tư công,đầu tư công
DPG,CTCP Tập đoàn Đạt Phương - HSX,7. Cổ phiếu đầu tư công,đầu tư công
EVG,CTCP Tập đoàn Everland - HSX,7. Cổ phiếu đầu tư công,đầu tư công
FCN,CTCP FECON - HSX,7. Cổ phiếu đầu tư công,đầu tư công
G36,Tổng CTCP G36 - UPCOM,7. Cổ phiếu đầu tư công,đầu tư công
HBC,CTCP Tập đoàn Xây dựng Hòa Bình - HSX,7. Cổ phiếu đầu tư công,đầu tư công
HHV,CTCP Đầu tư Hạ tầng Giao thông Đèo Cả - HSX,7. Cổ phiếu đầu tư công,đầu tư công
HTN,CTCP Hưng Thịnh Incons - HSX,7. Cổ phiếu đầu tư công,đầu tư công
HUB,CTCP Xây lắp Thừa Thiên Huế - HSX,7. Cổ phiếu đầu tư công,đầu tư công
HUT,CTCP Tasco - HNX,7. Cổ phiếu đầu tư công,đầu tư công
LCG,CTCP Licogi 16 - HSX,7. Cổ phiếu đầu tư công,đầu tư công
MST,CTCP Đầu tư MST - HNX,7. Cổ phiếu đầu tư công,đầu tư công
PDB,CTCP Tập đoàn đầu tư Din Capital - HNX,7. Cổ phiếu đầu tư công,đầu tư công
ROS,CTCP Xây dựng FLC FAROS - HSX,7. Cổ phiếu đầu tư công,đầu tư công
S99,CTCP SCI - HNX,7. Cổ phiếu đầu tư công,đầu tư công
SCI,CTCP SCI E&C - HNX,7. Cổ phiếu đầu tư công,đầu tư công
VC9,CTCP Xây dựng số 9 - HNX,7. Cổ phiếu đầu tư công,đầu tư công
VCG,Tổng CTCP Xuất nhập khẩu và Xây dựng Việt Nam - HSX,7. Cổ phiếu đầu tư công,đầu tư công
BVG,Cổ phiếu của CTCP Group Bắc Việt,8. Nhóm cổ phiếu ngành thép,thép
DNS,Cổ phiếu của CTCP Thép Đà Nẵng,8. Nhóm cổ phiếu ngành thép,thép
DNY,CTCP Thép DANA – Ý,8. Nhóm cổ phiếu ngành thép,thép
DTL,CTCP Đại Thiên Lộc,8. Nhóm cổ phiếu ngành thép,thép
HLA,CTCP Hữu Liên Á Châu,8. Nhóm cổ phiếu ngành thép,thép
HMC,CTCP Kim khí Thành phố Hồ Chí Minh – Vnstee,8. Nhóm cổ phiếu ngành thép,thép
HPG,Cổ phiếu thép Hòa Phát,8. Nhóm cổ phiếu ngành thép,thép
HSG,Cổ phiếu thép Hoa Sen,8. Nhóm cổ phiếu ngành thép,thép
HSV,CTCP gang thép Hà Nội,8. Nhóm cổ phiếu ngành thép,thép
KKC,CTCP Kim Khí KKC,8. Nhóm cổ phiếu ngành thép,thép
KMT,CTCP Kim khí Miền Trung,8. Nhóm cổ phiếu ngành thép,thép
MEL,CTCP Thép Mê Lin,8. Nhóm cổ phiếu ngành thép,thép
MTS,CTCP Vật tư TKV,8. Nhóm cổ phiếu ngành thép,thép
NKG,Cổ phiếu thép Nam Kim,8. Nhóm cổ phiếu ngành thép,thép
POM,Cổ phiếu Thép Pomina,8. Nhóm cổ phiếu ngành thép,thép
SMC,CTCP Đầu tư Thương mại SMC,8. Nhóm cổ phiếu ngành thép,thép
SSM,Cổ phiếu của CTCP Chế tạo kết cấu Thép Vneco SSM,8. Nhóm cổ phiếu ngành thép,thép
TDS,CTCP Thép Thủ Đức,8. Nhóm cổ phiếu ngành thép,thép
TIS,Cổ phiếu gang thép Thái Nguyên,8. Nhóm cổ phiếu ngành thép,thép
TLH,Cổ phiếu thép Tiến Lên,8. Nhóm cổ phiếu ngành thép,thép
TNB,CTCP Thép Nhà Bè – VNSTEEL,8. Nhóm cổ phiếu ngành thép,thép
TNS,Cổ phiếu của CTCP Thép tấm lá Thống Nhất,8. Nhóm cổ phiếu ngành thép,thép
TTS,CTCP Cán Thép Thái Trung,8. Nhóm cổ phiếu ngành thép,thép
TVN,Cổ phiếu tổng công ty thép Việt Nam,8. Nhóm cổ phiếu ngành thép,thép
VCA,CTCP Thép VICASA – VNSTEEL,8. Nhóm cổ phiếu ngành thép,thép
VDT,Cổ phiếu của CTCP Lưới thép Bình Tây,8. Nhóm cổ phiếu ngành thép,thép
VES,CTCP Đầu tư và Xây dựng Điện Mêca Vneco,8. Nhóm cổ phiếu ngành thép,thép
VGS,Cổ phiếu thép Việt Đức,8. Nhóm cổ phiếu ngành thép,thép
VIS,Cổ phiếu thép Việt Ý,8. Nhóm cổ phiếu ngành thép,thép
ACV,Tổng Công ty Cảng Hàng không Việt Nam - UPCOM,9. Nhóm cổ phiếu ngành hàng không,hàng không
ARM,CTCP Xuất nhập khẩu Hàng không,9. Nhóm cổ phiếu ngành hàng không,hàng không
ASG,ctcp Dịch vụ Bưu chính Interserco - IPX,9. Nhóm cổ phiếu ngành hàng không,hàng không
CIA,CTCP Dịch vụ Sân bay Quốc tế Cam Ranh,9. Nhóm cổ phiếu ngành hàng không,hàng không
NAS,CTCP Dịch vụ Hàng không Sân bay Nội Bài - UPCOM,9. Nhóm cổ phiếu ngành hàng không,hàng không
NCS,CTCP Suất ăn Hàng không Nội Bài - UPCOM,9. Nhóm cổ phiếu ngành hàng không,hàng không
NCT,CTCP Dịch vụ Hàng hóa Nội Bài - HOSE,9. Nhóm cổ phiếu ngành hàng không,hàng không
SAS,CTCP Dịch vụ Hàng không Sân bay Tân Sơn Nhất - UPCOM,9. Nhóm cổ phiếu ngành hàng không,hàng không
SGN,CTCP Phục vụ Mặt đất Sài Gòn - HOSE,9. Nhóm cổ phiếu ngành hàng không,hàng không
AMV,CTCP Sản xuất Kinh doanh Dược và Trang thiết bị Y tế Việt Mỹ,10. Nhóm cổ phiếu ngành y tế,y tế
BCP,Công Ty Cp Dược Enlie,10. Nhóm cổ phiếu ngành y tế,y tế
CEC,CTCP Thiết kế Công Nghiệp Hóa chất,10. Nhóm cổ phiếu ngành y tế,y tế
CPC,CTCP Thuốc sát trùng Cần Thơ,10. Nhóm cổ phiếu ngành y tế,y tế
DBD,CTCP Dược – Trang thiết bị Y tế Bình Định,10. Nhóm cổ phiếu ngành y tế,y tế
DBM,CTCP Dược – Vật tư Y Tế Đăk Lăk,10. Nhóm cổ phiếu ngành y tế,y tế
DBT,CTCP Dược phẩm Bến Tre,10. Nhóm cổ phiếu ngành y tế,y tế
DCI,CTCP Công nghiệp Hóa chất Đà Nẵng,10. Nhóm cổ phiếu ngành y tế,y tế
DCL,CTCP Dược phẩm Cửu Long,10. Nhóm cổ phiếu ngành y tế,y tế
DDN,CTCP Dược và Thiết bị Y tế Đà Nẵng,10. Nhóm cổ phiếu ngành y tế,y tế
DHD,CTCP Dược Vật tư Y tế Hải Dương,10. Nhóm cổ phiếu ngành y tế,y tế
DHG,CTCP Dược Hậu Giang,10. Nhóm cổ phiếu ngành y tế,y tế
DHT,CTCP Dược phẩm Hà Tây,10. Nhóm cổ phiếu ngành y tế,y tế
DMC,CTCP Xuất nhập khẩu Y tế DOMESCO,10. Nhóm cổ phiếu ngành y tế,y tế
DNM,Tổng CTCP Y tế DANAMECO,10. Nhóm cổ phiếu ngành y tế,y tế
DP2,CTCP Dược phẩm Trung ương 2,10. Nhóm cổ phiếu ngành y tế,y tế
DP3,CTCP Dược phẩm Trung ương 3,10. Nhóm cổ phiếu ngành y tế,y tế
DPP,CTCP Dược Đồng Nai,10. Nhóm cổ phiếu ngành y tế,y tế
DTG,CTCP Dược phẩm Tipharco,10. Nhóm cổ phiếu ngành y tế,y tế
DVN,Tổng Công ty Dược Việt Nam – CTCP,10. Nhóm cổ phiếu ngành y tế,y tế
HDP,CTCP Dược Hà Tĩnh,10. Nhóm cổ phiếu ngành y tế,y tế
IMP,CTCP Dược phẩm Imexpharm,10. Nhóm cổ phiếu ngành y tế,y tế
JVC,CTCP Thiết bị Y tế Việt Nhật,10. Nhóm cổ phiếu ngành y tế,y tế
LDP,CTCP Dược Lâm Đồng – Ladophar,10. Nhóm cổ phiếu ngành y tế,y tế
MKV,CTCP Dược thú Y Cai Lậy,10. Nhóm cổ phiếu ngành y tế,y tế
MTP,CTCP Dược Medipharco,10. Nhóm cổ phiếu ngành y tế,y tế
NDC,CTCP Nam Dược,10. Nhóm cổ phiếu ngành y tế,y tế
NDP,CTCP Dược phẩm 2/9,10. Nhóm cổ phiếu ngành y tế,y tế
OPC,CTCP Dược phẩm OPC,10. Nhóm cổ phiếu ngành y tế,y tế
PMC,CTCP Dược phẩm Dược liệu Pharmedic,10. Nhóm cổ phiếu ngành y tế,y tế
PME,CTCP Pymepharco,10. Nhóm cổ phiếu ngành y tế,y tế
PPP,CTCP Dược phẩm Phong Phú,10. Nhóm cổ phiếu ngành y tế,y tế
SPM,CTCP SPM,10. Nhóm cổ phiếu ngành y tế,y tế
TRA,CTCP Traphaco,10. Nhóm cổ phiếu ngành y tế,y tế
TW3,CTCP Dược Trung ương 3,10. Nhóm cổ phiếu ngành y tế,y tế
UPH,CTCP Dược phẩm TW 25,10. Nhóm cổ phiếu ngành y tế,y tế
VDP,CTCP Dược phẩm Trung Ương Vidipha,10. Nhóm cổ phiếu ngành y tế,y tế
VFG,CTCP Khử trùng Việt Nam,10. Nhóm cổ phiếu ngành y tế,y tế
VMD,CTCP Y Dược phẩm Vimedimex,10. Nhóm cổ phiếu ngành y tế,y tế
AAM,CTCP Thủy sản Mekong - HOSE,11. Nhóm cổ phiếu ngành thuỷ hải sản,thuỷ hải sản
ABT,CTCP Xuất nhập khẩu Thủy sản Bến Tre - HOSE,11. Nhóm cổ phiếu ngành thuỷ hải sản,thuỷ hải sản
ACL,CTCP Xuất nhập khẩu Thủy sản Cửu Long An Giang - HOSE,11. Nhóm cổ phiếu ngành thuỷ hải sản,thuỷ hải sản
AGF,CTCP Xuất nhập khẩu Thủy sản An Giang - UPCOM,11. Nhóm cổ phiếu ngành thuỷ hải sản,thuỷ hải sản
ANV,CTCP Nam Việt - HSX,11. Nhóm cổ phiếu ngành thuỷ hải sản,thuỷ hải sản
APT,CTCP Kinh doanh Thủy Hải Sản Sài Gòn - UPCOM,11. Nhóm cổ phiếu ngành thuỷ hải sản,thuỷ hải sản
BLF,CTCP Thủy sản Bạc Liêu - HNX,11. Nhóm cổ phiếu ngành thuỷ hải sản,thuỷ hải sản
CAD,CTCP Chế biến và Xuất nhập khẩu Thủy sản CADOVIMEX - UPCOM,11. Nhóm cổ phiếu ngành thuỷ hải sản,thuỷ hải sản
CAT,CTCP Thủy sản Cà Mau - UPCOM,11. Nhóm cổ phiếu ngành thuỷ hải sản,thuỷ hải sản
CCA,CTCP Xuất nhập khẩu Thủy sản Cần Thơ - UPCOM,11. Nhóm cổ phiếu ngành thuỷ hải sản,thuỷ hải sản
CMX,CTCP Camimex Group - HOSE,11. Nhóm cổ phiếu ngành thuỷ hải sản,thuỷ hải sản
DAT,CTCP Nam Việt - HSX,11. Nhóm cổ phiếu ngành thuỷ hải sản,thuỷ hải sản
FMC,CTCP Thực phẩm Sao Ta,11. Nhóm cổ phiếu ngành thuỷ hải sản,thuỷ hải sản
GQN,Trung tâm Giống Thủy sản Quảng Nam - UPCOM,11. Nhóm cổ phiếu ngành thuỷ hải sản,thuỷ hải sản
ICF,CTCP Đầu tư Thương mại Thủy Sản - UPCOM,11. Nhóm cổ phiếu ngành thuỷ hải sản,thuỷ hải sản
IDI,CTCT Đầu tư và phát triển đa quốc gia IDI,11. Nhóm cổ phiếu ngành thuỷ hải sản,thuỷ hải sản
JOS,CTCP Chế biến Thủy sản Xuất khẩu Minh Hải - UPCOM,11. Nhóm cổ phiếu ngành thuỷ hải sản,thuỷ hải sản
KHS,CTCP Kiên Hùng - HNX,11. Nhóm cổ phiếu ngành thuỷ hải sản,thuỷ hải sản
KSE,CTCP Xuất khẩu Thủy sản Khánh Hòa - UPCOM,11. Nhóm cổ phiếu ngành thuỷ hải sản,thuỷ hải sản
MPC,CTCP Tập đoàn Thủy sản Minh Phú - UPCOM,11. Nhóm cổ phiếu ngành thuỷ hải sản,thuỷ hải sản
NGC,CTCP Chế biến Thủy sản Xuất khẩu Ngô Quyền - UPCOM,11. Nhóm cổ phiếu ngành thuỷ hải sản,thuỷ hải sản
SCO,CTCP Công nghiệp Thủy sản - UPCOM,11. Nhóm cổ phiếu ngành thuỷ hải sản,thuỷ hải sản
SEA,Tổng Công ty Thuỷ sản Việt Nam - UPCOM,11. Nhóm cổ phiếu ngành thuỷ hải sản,thuỷ hải sản
SJ1,CTCP Nông nghiệp Hùng Hậu - HNX,11. Nhóm cổ phiếu ngành thuỷ hải sản,thuỷ hải sản
SNC,CTCP XNK Thuỷ sản Năm Căn - UPCOM,11. Nhóm cổ phiếu ngành thuỷ hải sản,thuỷ hải sản
SPD,CTCP XNK Thuỷ sản Miền Trung - UPCOM,11. Nhóm cổ phiếu ngành thuỷ hải sản,thuỷ hải sản
SPH,CTCP Xuất nhập khẩu Thủy sản Hà Nội - UPCOM,11. Nhóm cổ phiếu ngành thuỷ hải sản,thuỷ hải sản
SSN,CTCP XNK Thuỷ sản Sài Gòn - UPCOM,11. Nhóm cổ phiếu ngành thuỷ hải sản,thuỷ hải sản
TS4,CTCP Thủy sản số 4 - HOSE,11. Nhóm cổ phiếu ngành thuỷ hải sản,thuỷ hải sản
VHC,CTCP Vĩnh Hoàn - HSX,11. Nhóm cổ phiếu ngành thuỷ hải sản,thuỷ hải sản
VNH,CTCP Đầu tư Việt Việt Nhật - UPCOM,11. Nhóm cổ phiếu ngành thuỷ hải sản,thuỷ hải sản
ADS,Cty Cổ phần Damsan,12. Nhóm cổ phiếu ngành dệt may - may mặc,dệt may - may mặc
AG1,CTCP 28.1,12. Nhóm cổ phiếu ngành dệt may - may mặc,dệt may - may mặc
BDF,CTCP Giày Bình Định - UPCOM,12. Nhóm cổ phiếu ngành dệt may - may mặc,dệt may - may mặc
BDG,CTCP May mặc Bình Dương,12. Nhóm cổ phiếu ngành dệt may - may mặc,dệt may - may mặc
BMG,CTCP May Bình Minh,12. Nhóm cổ phiếu ngành dệt may - may mặc,dệt may - may mặc
CTM,CTCP Dệt may – Đầu tư – Thương mại Thành Công - HOSE,12. Nhóm cổ phiếu ngành dệt may - may mặc,dệt may - may mặc
DCG,CTCP Tổng Công ty May Đáp Cầu,12. Nhóm cổ phiếu ngành dệt may - may mặc,dệt may - may mặc
DM7,Cty Cổ phần Dệt may 7,12. Nhóm cổ phiếu ngành dệt may - may mặc,dệt may - may mặc
EVE,Cty Cổ phần Everpia,12. Nhóm cổ phiếu ngành dệt may - may mặc,dệt may - may mặc
G20,CTCP Đầu tư Dệt may G.Home - UPCOM,12. Nhóm cổ phiếu ngành dệt may - may mặc,dệt may - may mặc
GIL,Cty Cổ phần Sản xuất Kinh doanh và XNK Bình Thạnh,12. Nhóm cổ phiếu ngành dệt may - may mặc,dệt may - may mặc
GMC,Cty Cổ phần Garmex Sài Gòn,12. Nhóm cổ phiếu ngành dệt may - may mặc,dệt may - may mặc
HCB,CTCP Dệt may 29/3 - UPCOM,12. Nhóm cổ phiếu ngành dệt may - may mặc,dệt may - may mặc
HDM,CTCP Dệt May Huế - UPCOM,12. Nhóm cổ phiếu ngành dệt may - may mặc,dệt may - may mặc
HFS,CTCP Thương mại dịch vụ Thời trang Hà Nội - UPCOM,12. Nhóm cổ phiếu ngành dệt may - may mặc,dệt may - may mặc
HNI,Cty Cổ phần May Hữu Nghị,12. Nhóm cổ phiếu ngành dệt may - may mặc,dệt may - may mặc
HSM,Tổng CTCP Dệt may Hà Nội - UPCOM,12. Nhóm cổ phiếu ngành dệt may - may mặc,dệt may - may mặc
HTG,Tổng CTCP Dệt may Hòa Thọ - UPCOM,12. Nhóm cổ phiếu ngành dệt may - may mặc,dệt may - may mặc
HUG,Tổng Công ty May Hưng Yên - CTCP,12. Nhóm cổ phiếu ngành dệt may - may mặc,dệt may - may mặc
KMR,Cty Cổ phần Mirae,12. Nhóm cổ phiếu ngành dệt may - may mặc,dệt may - may mặc
LGM,CTCP Giày da và May mặc Xuất khẩu (LEGAMEX) - UPCOM,12. Nhóm cổ phiếu ngành dệt may - may mặc,dệt may - may mặc
M10,Tổng Công ty May 10 – CTCP - UPCOM,12. Nhóm cổ phiếu ngành dệt may - may mặc,dệt may - may mặc
MDN,CTCP Tổng Công ty May Đồng Nai - UPCOM,12. Nhóm cổ phiếu ngành dệt may - may mặc,dệt may - may mặc
MGG,Tổng Công ty Đức Giang - CTCP,12. Nhóm cổ phiếu ngành dệt may - may mặc,dệt may - may mặc
MKT,CTCP Dệt Minh Khai - UPCOM,12. Nhóm cổ phiếu ngành dệt may - may mặc,dệt may - may mặc
MNB,Tổng Công ty May Nhà Bè – CTCP - UPCOM,12. Nhóm cổ phiếu ngành dệt may - may mặc,dệt may - may mặc
MPT,CTCP Tập đoàn MPT,12. Nhóm cổ phiếu ngành dệt may - may mặc,dệt may - may mặc
MSH,Cty Cổ phần May Sông Hồng,12. Nhóm cổ phiếu ngành dệt may - may mặc,dệt may - may mặc
NDT,Tổng CTCP Dệt may Nam Định - UPCOM,12. Nhóm cổ phiếu ngành dệt may - may mặc,dệt may - may mặc
NJC,CTCP May Nam Định - UPCOM,12. Nhóm cổ phiếu ngành dệt may - may mặc,dệt may - may mặc
NPS,CTCP May Phú Thịnh – Nhà Bè - UPCOM,12. Nhóm cổ phiếu ngành dệt may - may mặc,dệt may - may mặc
NTT,CTCP Dệt – May Nha Trang - UPCOM,12. Nhóm cổ phiếu ngành dệt may - may mặc,dệt may - may mặc
PTG,CTCP May Xuất khẩu Phan Thiết - UPCOM,12. Nhóm cổ phiếu ngành dệt may - may mặc,dệt may - may mặc
SGI,CTCP Đầu tư Phát triển Sài Gòn 3 Group,12. Nhóm cổ phiếu ngành dệt may - may mặc,dệt may - may mặc
SPB,CTCP Sợi Phú Bài - UPCOM,12. Nhóm cổ phiếu ngành dệt may - may mặc,dệt may - may mặc
SSF,CTCP Giáo dục G Sài Gòn,12. Nhóm cổ phiếu ngành dệt may - may mặc,dệt may - may mặc
STK,CTCP Sợi Thế Kỷ - HOSE,12. Nhóm cổ phiếu ngành dệt may - may mặc,dệt may - may mặc
TCM,Cty Cổ phần Dệt may - Đầu tư - Thương mại Thành Công,12. Nhóm cổ phiếu ngành dệt may - may mặc,dệt may - may mặc
TDT,CTCP Đầu tư và Phát triển TDT,12. Nhóm cổ phiếu ngành dệt may - may mặc,dệt may - may mặc
TET,CTCP Vải sợi May mặc Miền Bắc,12. Nhóm cổ phiếu ngành dệt may - may mặc,dệt may - may mặc
THM,CTCP Tứ Hải Hà Nam,12. Nhóm cổ phiếu ngành dệt may - may mặc,dệt may - may mặc
TLI,CTCP May Quốc tế Thắng Lợi,12. Nhóm cổ phiếu ngành dệt may - may mặc,dệt may - may mặc
TNG,Cty Cổ phần Đầu tư và Thương mại TNG,12. Nhóm cổ phiếu ngành dệt may - may mặc,dệt may - may mặc
TTG,CTCP May Thanh Trì,12. Nhóm cổ phiếu ngành dệt may - may mặc,dệt may - may mặc
TVT,Tổng Công ty Việt Thắng,12. Nhóm cổ phiếu ngành dệt may - may mặc,dệt may - may mặc
VDM,CTCP – Viện nghiên cứu Dệt may - UPCOM,12. Nhóm cổ phiếu ngành dệt may - may mặc,dệt may - may mặc
VDN,CTCP Vinatex Đà Nẵng,12. Nhóm cổ phiếu ngành dệt may - may mặc,dệt may - may mặc
VGG,Tổng CTCP May Việt Tiến - UPCOM,12. Nhóm cổ phiếu ngành dệt may - may mặc,dệt may - may mặc
VGT,Tập đoàn Dệt may Việt Nam - UPCOM,12. Nhóm cổ phiếu ngành dệt may - may mặc,dệt may - may mặc
X20,CTCP X20,12. Nhóm cổ phiếu ngành dệt may - may mặc,dệt may - may mặc
X26,CTCP 26,12. Nhóm cổ phiếu ngành dệt may - may mặc,dệt may - may mặc
CAG,CTCP Cảng An Giang,13. Ngành giao thông vận tải,giao thông vận tải
CCP,CTCP Cảng Cửa Cấm Hải Phòng - UPCOM,13. Ngành giao thông vận tải,giao thông vận tải
CCR,CTCP Cảng Cam Ranh - UPCOM,13. Ngành giao thông vận tải,giao thông vận tải
CCT,CTCP Cảng Cần Thơ - UPCOM,13. Ngành giao thông vận tải,giao thông vận tải
CDN,CTCP Cảng Đà Nẵng - HNX,13. Ngành giao thông vận tải,giao thông vận tải
CLL,CTCP Cảng Cát Lái - HOSE,13. Ngành giao thông vận tải,giao thông vận tải
CMP,CTCP Cảng Chân Mây - UPCOM,13. Ngành giao thông vận tải,giao thông vận tải
DDM,CTCP Hàng Hải Đông Đô - UPCOM,13. Ngành giao thông vận tải,giao thông vận tải
DNL,CTCP Logistics Cảng Đà Nẵng - UPCOM,13. Ngành giao thông vận tải,giao thông vận tải
DS3,CTCP Quản lý Đường sông Số 3,13. Ngành giao thông vận tải,giao thông vận tải
DVC,CTCP Thương mại Dịch vụ Tổng hợp Cảng Hải Phòng - UPCOM,13. Ngành giao thông vận tải,giao thông vận tải
DVP,CTCP Đầu tư và Phát triển Cảng Đình Vũ - HOSE,13. Ngành giao thông vận tải,giao thông vận tải
DXP,CTCP Cảng Đoạn Xá - HNX,13. Ngành giao thông vận tải,giao thông vận tải
GIC,CTCP Đầu tư Dịch vụ và Phát triển Xanh,13. Ngành giao thông vận tải,giao thông vận tải
GMD,CTCP Gemadept - HOSE,13. Ngành giao thông vận tải,giao thông vận tải
HAH,CTCP Vận tải và Xếp dỡ Hải An - HOSE,13. Ngành giao thông vận tải,giao thông vận tải
HCT,CTCP Thương mại Dịch vụ Vận tải Xi măng Hải Phòng - HNX,13. Ngành giao thông vận tải,giao thông vận tải
HDO,CTCP Hưng Đạo Container - UPCOM,13. Ngành giao thông vận tải,giao thông vận tải
HMH,CTCP Hải Minh,13. Ngành giao thông vận tải,giao thông vận tải
HTV,CTCP Vận tải Hà Tiên - HOSE,13. Ngành giao thông vận tải,giao thông vận tải
ILB,CTCP ICD Tân Cảng - Long Bình,13. Ngành giao thông vận tải,giao thông vận tải
IST,CTCP ICD Tân Cảng Sóng Thần - UPCOM,13. Ngành giao thông vận tải,giao thông vận tải
MAC,CTCP Cung ứng và Dịch vụ Kỹ thuật Hàng Hải - HNX,13. Ngành giao thông vận tải,giao thông vận tải
MHC,CTCP MHC - HOSE,13. Ngành giao thông vận tải,giao thông vận tải
MVN,Tổng công ty Hàng Hải Việt Nam,13. Ngành giao thông vận tải,giao thông vận tải
NAP,CTCP Cảng Nghệ Tĩnh - HNX,13. Ngành giao thông vận tải,giao thông vận tải
PCT,CTCP Vận tải Khí và Hóa chất Việt Nam - HNX,13. Ngành giao thông vận tải,giao thông vận tải
PDN,CTCP Cảng Đồng Nai - HOSE,13. Ngành giao thông vận tải,giao thông vận tải
PHP,CTCP Cảng Hải Phòng - HNX,13. Ngành giao thông vận tải,giao thông vận tải
PJT,CTCP Vận tải Xăng dầu đường Thủy Petrolimex - HOSE,13. Ngành giao thông vận tải,giao thông vận tải
PRC,CTCP Logistics Portserco - HNX,13. Ngành giao thông vận tải,giao thông vận tải
PSP,CTCP Cảng Dịch vụ Dầu khí Đình Vũ - UPCOM,13. Ngành giao thông vận tải,giao thông vận tải
QSP,CTCP Tân Cảng Quy Nhơn - UPCOM,13. Ngành giao thông vận tải,giao thông vận tải
SAC,CTCP Xếp dỡ và Dịch vụ Cảng Sài Gòn - UPCOM,13. Ngành giao thông vận tải,giao thông vận tải
SFI,CTCP Đại lý Vận tải SAFI - HOSE,13. Ngành giao thông vận tải,giao thông vận tải
SGP,CTCP Cảng Sài Gòn - UPCOM,13. Ngành giao thông vận tải,giao thông vận tải
SSG,CTCP Vận tải biển Hải Âu - UPCOM,13. Ngành giao thông vận tải,giao thông vận tải
STG,CTCP Kho vận Miền Nam,13. Ngành giao thông vận tải,giao thông vận tải
SWC,Tổng CTCP Đường Sông Miền Nam,13. Ngành giao thông vận tải,giao thông vận tải
TCL,CTCP Đại lý Giao nhận Vận tải Xếp dỡ Tân Cảng - HOSE,13. Ngành giao thông vận tải,giao thông vận tải
TCO,CTCP Vận tải Đa phương thức Duyên Hải - HOSE,13. Ngành giao thông vận tải,giao thông vận tải
TCW,CTCP Kho Vận Tân Cảng - UPCOM,13. Ngành giao thông vận tải,giao thông vận tải
TJC,CTCP Dịch vụ Vận tải và Thương mại - HNX,13. Ngành giao thông vận tải,giao thông vận tải
TMS,CTCP Transimex - HOSE,13. Ngành giao thông vận tải,giao thông vận tải
TNP,CTCP Cảng Thị Nại - UPCOM,13. Ngành giao thông vận tải,giao thông vận tải
TOT,CTCP Transimex Logistics,13. Ngành giao thông vận tải,giao thông vận tải
TTZ,CTCP Đầu tư Xây dựng và Công nghệ Tiến Trung,13. Ngành giao thông vận tải,giao thông vận tải
VFC,CTCP Vinafco - UPCOM,13. Ngành giao thông vận tải,giao thông vận tải
VFR,CTCP Vận tải và Thuê tàu - UPCOM,13. Ngành giao thông vận tải,giao thông vận tải
VGP,CTCP Cảng Rau Quả - HNX,13. Ngành giao thông vận tải,giao thông vận tải
VIP,CTCP Vận tải Xăng dầu Vipco - HOSE,13. Ngành giao thông vận tải,giao thông vận tải
VMS,CTCP Phát triển Hàng Hải,13. Ngành giao thông vận tải,giao thông vận tải
VNA,CTCP Vận tải Biển Vinaship - UPCOM,13. Ngành giao thông vận tải,giao thông vận tải
VNF,CTCP Vinafreight,13. Ngành giao thông vận tải,giao thông vận tải
VNL,CTCP Logistics Vinalink - HOSE,13. Ngành giao thông vận tải,giao thông vận tải
VNT,CTCP Giao nhận Vận tải Ngoại thương - HNX,13. Ngành giao thông vận tải,giao thông vận tải
VOS,CTCP Vận tải Biển Việt Nam) - HOSE,13. Ngành giao thông vận tải,giao thông vận tải
VSA,CTCP Đại lý Hàng hải Việt Nam,13. Ngành giao thông vận tải,giao thông vận tải
VSC,CTCP Container Việt Nam - HOSE,13. Ngành giao thông vận tải,giao thông vận tải
VSM,CTCP Container Miền Trung,13. Ngành giao thông vận tải,giao thông vận tải
WCS,CTCP Bến xe Miền Tây,13. Ngành giao thông vận tải,giao thông vận tải
ABI,Tổng CTCP bảo hiểm Ngân hàng Nông nghiệp,14. Nhóm cổ phiếu ngành bảo hiểm,bảo hiểm
AIC,Tổng CTCP bảo hiểm Hàng Không,14. Nhóm cổ phiếu ngành bảo hiểm,bảo hiểm
BIC,Tổng CTCP bảo hiểm Ngân hàng Đầu tư và phát triển Việt Nam,14. Nhóm cổ phiếu ngành bảo hiểm,bảo hiểm
BLI,Tổng CTCP bảo hiểm Bảo Long,14. Nhóm cổ phiếu ngành bảo hiểm,bảo hiểm
BMI,Tổng CTCP Bảo Minh,14. Nhóm cổ phiếu ngành bảo hiểm,bảo hiểm
BVH,Tập đoàn Bảo Việt,14. Nhóm cổ phiếu ngành bảo hiểm,bảo hiểm
MIG,Tổng CTCP bảo hiểm Quân Đội,14. Nhóm cổ phiếu ngành bảo hiểm,bảo hiểm
PGI,Tổng CTCP bảo hiểm Petrolimex,14. Nhóm cổ phiếu ngành bảo hiểm,bảo hiểm
PRE,Tổng CTCP Tái bảo hiểm Hà Nội,14. Nhóm cổ phiếu ngành bảo hiểm,bảo hiểm
PTI,Tổng CTCP bảo hiểm Bưu Điện,14. Nhóm cổ phiếu ngành bảo hiểm,bảo hiểm
PVI,CTCP PVI,14. Nhóm cổ phiếu ngành bảo hiểm,bảo hiểm
VNR,Tổng CTCP tái bảo hiểm Quốc gia Việt Nam,14. Nhóm cổ phiếu ngành bảo hiểm,bảo hiểm
AAH,CTCP Hợp Nhất,16. Nhóm cổ phiếu ngành than - khoáng sản,than - khoáng sản
BCB,CTCP 397,16. Nhóm cổ phiếu ngành than - khoáng sản,than - khoáng sản
CLM,CTCP XNK than - Vinacomin,16. Nhóm cổ phiếu ngành than - khoáng sản,than - khoáng sản
CST,CTCP Than Cao Sơn - TKV,16. Nhóm cổ phiếu ngành than - khoáng sản,than - khoáng sản
HLC,CTCP Than Hà Lầm – Vinacomin - HNX,16. Nhóm cổ phiếu ngành than - khoáng sản,than - khoáng sản
ITS,CTCP Đầu tư Thương mại và Dịch vụ – Vinacomin,16. Nhóm cổ phiếu ngành than - khoáng sản,than - khoáng sản
MDC,CTCP Than Mông Dương – Vinacomin - HNX,16. Nhóm cổ phiếu ngành than - khoáng sản,than - khoáng sản
NBC,CTCP Than Núi Béo – Vinacomin - HNX,16. Nhóm cổ phiếu ngành than - khoáng sản,than - khoáng sản
TC6,CTCP Than Cọc Sáu – Vinacomin - HNX,16. Nhóm cổ phiếu ngành than - khoáng sản,than - khoáng sản
TDN,CTCP Than Đèo Nai – VinacominCTCP Than Đèo Nai – Vinacomin - HNX,16. Nhóm cổ phiếu ngành than - khoáng sản,than - khoáng sản
THT,CTCP Than Hà Tu – Vinacomin - HNX,16. Nhóm cổ phiếu ngành than - khoáng sản,than - khoáng sản
TMB,CTCP Kinh doanh Than Miền Bắc – Vinacomin - HNX,16. Nhóm cổ phiếu ngành than - khoáng sản,than - khoáng sản
TVD,CTCP Than Vàng Danh – Vinacomin - HNX,16. Nhóm cổ phiếu ngành than - khoáng sản,than - khoáng sản
VDB,CTCP Vận tải và Chế biến Than Đông Bắc,16. Nhóm cổ phiếu ngành than - khoáng sản,than - khoáng sản
AGG,CTCP Đầu tư bất động sản An Gia,17. Nhóm cổ phiếu ngành xây dựng,xây dựng
AME,CTCP Alphanam Ec,17. Nhóm cổ phiếu ngành xây dựng,xây dựng
API,CTCP Châu Á Thái Bình Dương,17. Nhóm cổ phiếu ngành xây dựng,xây dựng
BAX,CTCP Thống Nhất,17. Nhóm cổ phiếu ngành xây dựng,xây dựng
BCE,CTCP xây dựng và giao thông Bình Dương,17. Nhóm cổ phiếu ngành xây dựng,xây dựng
BCG,CTCP Bamboo Capital,17. Nhóm cổ phiếu ngành xây dựng,xây dựng
BCM,Tổng Công ty Đầu tư và Phát triển Công nghiệp,17. Nhóm cổ phiếu ngành xây dựng,xây dựng
C69,CTCP Xây dựng 1369,17. Nhóm cổ phiếu ngành xây dựng,xây dựng
C92,CTCP Xây dựng và đầu tư 492,17. Nhóm cổ phiếu ngành xây dựng,xây dựng
CCL,CTCP Đầu Tư và Phát triển Đô Thị Dầu khí Cửu Long,17. Nhóm cổ phiếu ngành xây dựng,xây dựng
CDC,CTCP Chương Dương,17. Nhóm cổ phiếu ngành xây dựng,xây dựng
CEE,CTCP Xây dựng Hạ tầng CII,17. Nhóm cổ phiếu ngành xây dựng,xây dựng
CEO,CTCP Tập đoàn CEO,17. Nhóm cổ phiếu ngành xây dựng,xây dựng
CIG,CTCP COMA 18,17. Nhóm cổ phiếu ngành xây dựng,xây dựng
CKG,CTCP Tập đoàn Tư vấn Đầu tư Xây dựng Kiên Giang,17. Nhóm cổ phiếu ngành xây dựng,xây dựng
CRE,CTCP Đầu tư bất động sản thế kỷ,17. Nhóm cổ phiếu ngành xây dựng,xây dựng
CSC,CTCP Tập đoàn Cotana,17. Nhóm cổ phiếu ngành xây dựng,xây dựng
CTX,Tổng CTCP đầu tư xây dựng và thương mại Việt Nam,17. Nhóm cổ phiếu ngành xây dựng,xây dựng
CX8,CTCP Đầu tư và xây lắp Constrexim số 8,17. Nhóm cổ phiếu ngành xây dựng,xây dựng
D11,CTCP Địa ốc 11,17. Nhóm cổ phiếu ngành xây dựng,xây dựng
D2D,CTCP Phát triển đô thị công nghiệp số 2,17. Nhóm cổ phiếu ngành xây dựng,xây dựng
DC2,CTCP đầu tư phát triển DIC số 2,17. Nhóm cổ phiếu ngành xây dựng,xây dựng
DC4,CTCP Phát triển xây dựng Dic Holding,17. Nhóm cổ phiếu ngành xây dựng,xây dựng
DIG,Tổng CTCP đầu tư và phát triển xây dựng,17. Nhóm cổ phiếu ngành xây dựng,xây dựng
DIH,CTCP Đầu tư và phát triển xây dựng Hội An,17. Nhóm cổ phiếu ngành xây dựng,xây dựng
DRH,CTCP DRH Holdings,17. Nhóm cổ phiếu ngành xây dựng,xây dựng
DTA,CTCP Đệ Tam,17. Nhóm cổ phiếu ngành xây dựng,xây dựng
DTD,CTCP Đầu tư và phát triển Thành Đạt,17. Nhóm cổ phiếu ngành xây dựng,xây dựng
DXG,CTCP Tập đoàn Đất Xanh,17. Nhóm cổ phiếu ngành xây dựng,xây dựng
FDC,CTCP Ngoại thương và phát triển đầu tư Tp Hồ Chí Minh,17. Nhóm cổ phiếu ngành xây dựng,xây dựng
FIR,CTCP Địa ốc First Real,17. Nhóm cổ phiếu ngành xây dựng,xây dựng
HAR,CTCP Đầu tư Thương mại Bất động sản An Dương Thảo Điền,17. Nhóm cổ phiếu ngành xây dựng,xây dựng
HAS,CTCP Hacisco,17. Nhóm cổ phiếu ngành xây dựng,xây dựng
HDC,CTCP Phát triển nhà Bà Rịa Vũng Tàu,17. Nhóm cổ phiếu ngành xây dựng,xây dựng
HDG,CTCP Tập đoàn Hà Đô,17. Nhóm cổ phiếu ngành xây dựng,xây dựng
HLD,CTCP Đầu tư và phát triển Bất động sản Hudland,17. Nhóm cổ phiếu ngành xây dựng,xây dựng
HPX,CTCP đầu tư Hải Phát,17. Nhóm cổ phiếu ngành xây dựng,xây dựng
HQC,CTCP Tư vấn Thương mại Dịch vụ Địa Ốc Hoàng Quân,17. Nhóm cổ phiếu ngành xây dựng,xây dựng
HTI,CTCP Đầu tư và phát triển Hạ tầng Idico,17. Nhóm cổ phiếu ngành xây dựng,xây dựng
HU1,CTCP Đầu tư và xây dựng Hud1,17. Nhóm cổ phiếu ngành xây dựng,xây dựng
HU3,CTCP Đầu tư và xây dựng Hud3,17. Nhóm cổ phiếu ngành xây dựng,xây dựng
HVH,CTCP Đầu tư và công nghệ HVC,17. Nhóm cổ phiếu ngành xây dựng,xây dựng
ICG,CTCP Xây dựng sông Hồng,17. Nhóm cổ phiếu ngành xây dựng,xây dựng
IDJ,CTCP đầu tư IDJ Việt Nam,17. Nhóm cổ phiếu ngành xây dựng,xây dựng
IDV,CTCP Phát triển hạ tầng Vĩnh Phúc,17. Nhóm cổ phiếu ngành xây dựng,xây dựng
IJC,Công ty đầu tư và phát triển hạ tầng kỹ thuật,17. Nhóm cổ phiếu ngành xây dựng,xây dựng
ITA,CTCP Đầu tư và công nghiệp Tân Tạo,17. Nhóm cổ phiếu ngành xây dựng,xây dựng
ITC,CTCP Đầu tư và kinh doanh nhà,17. Nhóm cổ phiếu ngành xây dựng,xây dựng
KBC,Tổng công ty phát triển đô thị Kinh Bắc,17. Nhóm cổ phiếu ngành xây dựng,xây dựng
KDH,CTCP Đầu tư và Kinh doanh Nhà Khang Điền,17. Nhóm cổ phiếu ngành xây dựng,xây dựng
KOS,CTCP Kosy,17. Nhóm cổ phiếu ngành xây dựng,xây dựng
KTT,CTCP tập đoàn đầu tư KTT,17. Nhóm cổ phiếu ngành xây dựng,xây dựng
L10,CTCP Lilama 10,17. Nhóm cổ phiếu ngành xây dựng,xây dựng
L14,CTCP Licogi 14,17. Nhóm cổ phiếu ngành xây dựng,xây dựng
L18,CTCP Đầu tư và xây dựng số 18,17. Nhóm cổ phiếu ngành xây dựng,xây dựng
L35,CTCP cơ khí lắp máy Lilama,17. Nhóm cổ phiếu ngành xây dựng,xây dựng
L40,CTCP Đầu tư và xây dựng 40,17. Nhóm cổ phiếu ngành xây dựng,xây dựng
L43,CTCP Xây dựng Lilama 45 – 3,17. Nhóm cổ phiếu ngành xây dựng,xây dựng
L61,CTCP Xây dựng Lilama 69 – 3,17. Nhóm cổ phiếu ngành xây dựng,xây dựng
L62,CTCP Xây dựng Lilama 69 – 2,17. Nhóm cổ phiếu ngành xây dựng,xây dựng
LCD,CTCP Lắp máy – Thí nghiệm Cơ điện,17. Nhóm cổ phiếu ngành xây dựng,xây dựng
LCS,CTCP Licogi 166,17. Nhóm cổ phiếu ngành xây dựng,xây dựng
LDG,CTCP Đầu tư LDG,17. Nhóm cổ phiếu ngành xây dựng,xây dựng
LEC,Công ty bất động sản điện lực Miền Trung,17. Nhóm cổ phiếu ngành xây dựng,xây dựng
LGC,CTCP đầu tư cầu đường CII,17. Nhóm cổ phiếu ngành xây dựng,xây dựng
LGL,CTCP Đầu tư và phát triển đô thị Long Giang,17. Nhóm cổ phiếu ngành xây dựng,xây dựng
LHC,CTCP Đầu tư và xây dựng thủy lợi Lâm Đồng,17. Nhóm cổ phiếu ngành xây dựng,xây dựng
LHG,CTCP Long Hậu,17. Nhóm cổ phiếu ngành xây dựng,xây dựng
LIG,CTCP Licogi 13,17. Nhóm cổ phiếu ngành xây dựng,xây dựng
LM7,CTCP Lilama 7,17. Nhóm cổ phiếu ngành xây dựng,xây dựng
LM8,CTCP Lilama 18,17. Nhóm cổ phiếu ngành xây dựng,xây dựng
LUT,CTCP Đầu tư xây dựng Lương Tài,17. Nhóm cổ phiếu ngành xây dựng,xây dựng
MCO,CTCP Đầu tư và Xây dựng BDC Việt Nam,17. Nhóm cổ phiếu ngành xây dựng,xây dựng
NBB,CTCP Đầu tư Năm Bảy Bảy,17. Nhóm cổ phiếu ngành xây dựng,xây dựng
NDN,CTCP Đầu tư phát triển Nhà Đà Nẵng,17. Nhóm cổ phiếu ngành xây dựng,xây dựng
NDX,CTCP Xây lắp phát triển nhà Đà Nẵng,17. Nhóm cổ phiếu ngành xây dựng,xây dựng
NHA,Công ty đầu tư phát triển nhà và đô thị Nam Hà Nội,17. Nhóm cổ phiếu ngành xây dựng,xây dựng
NLG,CTCP đầu tư Nam Long,17. Nhóm cổ phiếu ngành xây dựng,xây dựng
NRC,CTCP Tập đoàn Danh Khôi,17. Nhóm cổ phiếu ngành xây dựng,xây dựng
NTL,CTCP Phát triển đô thị Từ Liêm,17. Nhóm cổ phiếu ngành xây dựng,xây dựng
NVL,CTCP Tập đoàn Đầu tư Địa ốc No Va,17. Nhóm cổ phiếu ngành xây dựng,xây dựng
PDR,CTCP Phát triển Bất động sản Phát Đạt,17. Nhóm cổ phiếu ngành xây dựng,xây dựng
PEN,CTCP Tập đoàn III Petrolimex,17. Nhóm cổ phiếu ngành xây dựng,xây dựng
PHC,CTCP Xây dựng Phục Hưng Holdings,17. Nhóm cổ phiếu ngành xây dựng,xây dựng
PPS,CTCP Dịch vụ kỹ thuật điện lực dầu khí Việt Nam,17. Nhóm cổ phiếu ngành xây dựng,xây dựng
PTC,CTCP Đầu tư và xây dựng Bưu điện,17. Nhóm cổ phiếu ngành xây dựng,xây dựng
PTD,CTCP Thiết kế xây dựng thương mại Phúc Thịnh,17. Nhóm cổ phiếu ngành xây dựng,xây dựng
PTL,CTCP đầu tư và xây dựng dầu khí,17. Nhóm cổ phiếu ngành xây dựng,xây dựng
PV2,CTCP Đầu tư PV 2,17. Nhóm cổ phiếu ngành xây dựng,xây dựng
PVL,CTCP Đầu tư nhà đất,17. Nhóm cổ phiếu ngành xây dựng,xây dựng
PXI,CTCP Xây dựng Công nghiệp và Dân dụng Dầu khí,17. Nhóm cổ phiếu ngành xây dựng,xây dựng
PXS,CTCP kết cấu kim loại và lắp máy dầu khí,17. Nhóm cổ phiếu ngành xây dựng,xây dựng
QCG,CTCP Quốc Cường Gia Lai,17. Nhóm cổ phiếu ngành xây dựng,xây dựng
QTC,CTCP Công trình giao thông vận tải Quảng Nam,17. Nhóm cổ phiếu ngành xây dựng,xây dựng
RCL,CTCP Địa ốc Chợ Lớn,17. Nhóm cổ phiếu ngành xây dựng,xây dựng
REE,CTCP Cơ điện lạnh,17. Nhóm cổ phiếu ngành xây dựng,xây dựng
S55,CTCP Sông Đà 505,17. Nhóm cổ phiếu ngành xây dựng,xây dựng
SC5,CTCP Xây dựng số 5,17. Nhóm cổ phiếu ngành xây dựng,xây dựng
SCR,CTCP Địa ốc Sài Gòn Thường Tín,17. Nhóm cổ phiếu ngành xây dựng,xây dựng
SD2,CTCP Sông Đà 2,17. Nhóm cổ phiếu ngành xây dựng,xây dựng
SD4,CTCP Sông Đà 4,17. Nhóm cổ phiếu ngành xây dựng,xây dựng
SD5,CTCP Sông Đà 5,17. Nhóm cổ phiếu ngành xây dựng,xây dựng
SD6,CTCP Sông Đà 6,17. Nhóm cổ phiếu ngành xây dựng,xây dựng
SD9,CTCP Sông Đà 9,17. Nhóm cổ phiếu ngành xây dựng,xây dựng
SDT,CTCP Sông Đà 10,17. Nhóm cổ phiếu ngành xây dựng,xây dựng
SDU,CTCP Đầu tư và xây dựng phát triển đô thị sông Đà,17. Nhóm cổ phiếu ngành xây dựng,xây dựng
SGR,CTCP Địa Ốc Sài Gòn,17. Nhóm cổ phiếu ngành xây dựng,xây dựng
SJC,CTCP Sông Đà 1 – 01,17. Nhóm cổ phiếu ngành xây dựng,xây dựng
SJE,CTCP Sông Đà 11,17. Nhóm cổ phiếu ngành xây dựng,xây dựng
SJS,CTCP Đầu tư phát triển đô thị và khu công nghiệp Sông Đà,17. Nhóm cổ phiếu ngành xây dựng,xây dựng
SRF,CTCP Kỹ Nghệ Lạnh,17. Nhóm cổ phiếu ngành xây dựng,xây dựng
SZB,CTCP Sonadezi Long Bình,17. Nhóm cổ phiếu ngành xây dựng,xây dựng
SZC,CTCP Sonadezi Châu Đức,17. Nhóm cổ phiếu ngành xây dựng,xây dựng
SZL,CTCP Sonadezi Long Thành,17. Nhóm cổ phiếu ngành xây dựng,xây dựng
TA9,CTCP Xây lắp Thành An 96,17. Nhóm cổ phiếu ngành xây dựng,xây dựng
TCD,CTCP Đầu tư phát triển công nghiệp và vận tải,17. Nhóm cổ phiếu ngành xây dựng,xây dựng
TCH,CTCP đầu tư dịch vụ tài chính Hoàng Huy,17. Nhóm cổ phiếu ngành xây dựng,xây dựng
TDC,CTCP Phát triển và kinh doanh Bình Dương,17. Nhóm cổ phiếu ngành xây dựng,xây dựng
TDH,CTCP Phát triển nhà Thủ Đức,17. Nhóm cổ phiếu ngành xây dựng,xây dựng
THD,CTCP Thái Holding,17. Nhóm cổ phiếu ngành xây dựng,xây dựng
TIG,CTCP Tập đoàn đầu tư Thăng Long,17. Nhóm cổ phiếu ngành xây dựng,xây dựng
TIP,CTCP phát triển khu công nghiệp Tín Nghĩa,17. Nhóm cổ phiếu ngành xây dựng,xây dựng
TIX,CTCP Sản xuất Kinh doanh Xuất nhập khẩu Dịch vụ và Đầu tư Tân Bình,17. Nhóm cổ phiếu ngành xây dựng,xây dựng
TKC,CTCP Xây dựng và kinh doanh địa ốc Tấn Kỳ,17. Nhóm cổ phiếu ngành xây dựng,xây dựng
TN1,CTCP Thương Mại và dịch vụ TNS Holdings,17. Nhóm cổ phiếu ngành xây dựng,xây dựng
TST,CTCP dịch vụ kỹ thuật Viễn Thông,17. Nhóm cổ phiếu ngành xây dựng,xây dựng
TTL,CTCP Tổng công ty Thăng Long,17. Nhóm cổ phiếu ngành xây dựng,xây dựng
UDC,CTCP Xây dựng và Phát triển tỉnh Bà Rịa Vũng Tàu,17. Nhóm cổ phiếu ngành xây dựng,xây dựng
V12,CTCP Xây dựng số 12,17. Nhóm cổ phiếu ngành xây dựng,xây dựng
V21,CTCP Vinaconex 21,17. Nhóm cổ phiếu ngành xây dựng,xây dựng
VC1,CTCP xây dựng số 1,17. Nhóm cổ phiếu ngành xây dựng,xây dựng
VC2,CTCP Đầu tư và xây dựng Vina2,17. Nhóm cổ phiếu ngành xây dựng,xây dựng
VC3,CTCP tập đoàn Nam Mê Kông,17. Nhóm cổ phiếu ngành xây dựng,xây dựng
VC6,CTCP Xây dựng và đầu tư Visicons,17. Nhóm cổ phiếu ngành xây dựng,xây dựng
VC7,CTCP tập đoàn BGI,17. Nhóm cổ phiếu ngành xây dựng,xây dựng
VCC,CTCP Vinaconex 25,17. Nhóm cổ phiếu ngành xây dựng,xây dựng
VE1,CTCP Xây dựng điện Vneco 1,17. Nhóm cổ phiếu ngành xây dựng,xây dựng
VE2,CTCP Xây dựng điện Vneco2,17. Nhóm cổ phiếu ngành xây dựng,xây dựng
VE3,CTCP Xây dựng điện Vneco3,17. Nhóm cổ phiếu ngành xây dựng,xây dựng
VE4,CTCP Xây dựng điện Vneco4,17. Nhóm cổ phiếu ngành xây dựng,xây dựng
VE8,CTCP Xây dựng điện Vneco 8,17. Nhóm cổ phiếu ngành xây dựng,xây dựng
VHM,CTCP Vinhomes,17. Nhóm cổ phiếu ngành xây dựng,xây dựng
VIC,CTCP Tập đoàn Vingroup,17. Nhóm cổ phiếu ngành xây dựng,xây dựng
VMC,CTCP Vimeco,17. Nhóm cổ phiếu ngành xây dựng,xây dựng
VMI,CTCP khoáng sản đầu tư Visaco,17. Nhóm cổ phiếu ngành xây dựng,xây dựng
VPH,CTCP Vạn Phát Hưng,17. Nhóm cổ phiếu ngành xây dựng,xây dựng
VPI,CTCP Đầu tư Văn Phú,17. Nhóm cổ phiếu ngành xây dựng,xây dựng
VRC,CTCP Bất động sản và đầu tư VRC,17. Nhóm cổ phiếu ngành xây dựng,xây dựng
VRE,CTCP Vincom Retail,17. Nhóm cổ phiếu ngành xây dựng,xây dựng
VSI,CTCP Đầu tư và xây dựng cấp thoát nước,17. Nhóm cổ phiếu ngành xây dựng,xây dựng
VXB,CTCP Xây dựng Vật Liệu Bến Tre,17. Nhóm cổ phiếu ngành xây dựng,xây dựng
AFX,CTCP Xuất nhập khẩu Nông sản Thực phẩm An Giang - Upcom,18. Nhóm cổ phiếu ngành thực phẩm,thực phẩm
AGM,CTCP Xuất Nhập khẩu An Giang - HOSE,18. Nhóm cổ phiếu ngành thực phẩm,thực phẩm
ANT,CTCP Rau quả Thực phẩm An Giang - Upcom,18. Nhóm cổ phiếu ngành thực phẩm,thực phẩm
APC,CTCP Chiếu xạ An Phú - HOSE,18. Nhóm cổ phiếu ngành thực phẩm,thực phẩm
APF,CTCP Nông sản thực phẩm Quảng Ngãi - Upcom,18. Nhóm cổ phiếu ngành thực phẩm,thực phẩm
BAF,CTCP Nông nghiệp BAF Việt Nam - HOSE,18. Nhóm cổ phiếu ngành thực phẩm,thực phẩm
BBC,CTCP Bibica - HOSE,18. Nhóm cổ phiếu ngành thực phẩm,thực phẩm
BCF,CTCP Thực phẩm Bích Chi - HNX,18. Nhóm cổ phiếu ngành thực phẩm,thực phẩm
BHN,Tổng CTCP Bia - Rượu - Nước giải khát Hà Nội - HOSE,18. Nhóm cổ phiếu ngành thực phẩm,thực phẩm
BLT,CTCP Lương thực Bình Định - Upcom,18. Nhóm cổ phiếu ngành thực phẩm,thực phẩm
BMV1,CTCP Bột mỳ Vinafood 1 - Upcom,18. Nhóm cổ phiếu ngành thực phẩm,thực phẩm
BNA,CTCP Đầu tư Sản xuất Bảo Ngọc - HNX,18. Nhóm cổ phiếu ngành thực phẩm,thực phẩm
BSL,Cty Cổ phần Bia Sài Gòn - Sông Lam - Upcom,18. Nhóm cổ phiếu ngành thực phẩm,thực phẩm
CAN,CTCP Đồ hộp Hạ Long - HNX,18. Nhóm cổ phiếu ngành thực phẩm,thực phẩm
CAP,CTCP Lâm Nông sản Thực phẩm Yên Bái - HNX,18. Nhóm cổ phiếu ngành thực phẩm,thực phẩm
CMF,Cty Cổ phần Thực phẩm Cholimex - Upcom,18. Nhóm cổ phiếu ngành thực phẩm,thực phẩm
CMN,CTCP Lương thực Thực phẩm Colusa-Miliket - Upcom,18. Nhóm cổ phiếu ngành thực phẩm,thực phẩm
DBC,CTCP Tập đoàn Dabaco Việt Nam - HOSE,18. Nhóm cổ phiếu ngành thực phẩm,thực phẩm
FCS,CTCP Lương thực Thành phố Hồ Chí Minh - Upcom,18. Nhóm cổ phiếu ngành thực phẩm,thực phẩm
FHN,CTCP Xuất Nhập Khẩu Lương Thực – Thực Phẩm Hà Nội - Upcom,18. Nhóm cổ phiếu ngành thực phẩm,thực phẩm
GTN,CTCP GTNfoods - HOSE,18. Nhóm cổ phiếu ngành thực phẩm,thực phẩm
HAD,CTCP Bia Hà Nội - Hải Dương - HNX,18. Nhóm cổ phiếu ngành thực phẩm,thực phẩm
HAT,CTCP Thương mại Bia Hà Nội - HNX,18. Nhóm cổ phiếu ngành thực phẩm,thực phẩm
HAV,CTCP Rượu Hapro - Upcom,18. Nhóm cổ phiếu ngành thực phẩm,thực phẩm
HHC,CTCP Bánh kẹo Hải Hà - HNX,18. Nhóm cổ phiếu ngành thực phẩm,thực phẩm
HKB,CTCP Nông nghiệp và Thực phẩm Hà Nội – Kinh Bắc - Upcom,18. Nhóm cổ phiếu ngành thực phẩm,thực phẩm
HNG,CTCP Nông nghiệp Quốc tế Hoàng Anh Gia Lai - HOSE,18. Nhóm cổ phiếu ngành thực phẩm,thực phẩm
IFS,Cty Cổ phần Thực phẩm Quốc tế - Upcom,18. Nhóm cổ phiếu ngành thực phẩm,thực phẩm
KDC,CTCP Tập đoàn KIDO - HSX,18. Nhóm cổ phiếu ngành thực phẩm,thực phẩm
KTS,CTCP Đường Kon Tum - HNX,18. Nhóm cổ phiếu ngành thực phẩm,thực phẩm
LAF,CTCP Chế biến hàng Xuất khẩu Long An - HSX,18. Nhóm cổ phiếu ngành thực phẩm,thực phẩm
LSS,CTCP Mía Đường Lam Sơn - HOSE,18. Nhóm cổ phiếu ngành thực phẩm,thực phẩm
NAF,CTCP Nafoods Group - HOSE,18. Nhóm cổ phiếu ngành thực phẩm,thực phẩm
QNS,Cty Cổ phần Đường Quảng Ngãi - Upcom,18. Nhóm cổ phiếu ngành thực phẩm,thực phẩm
SAB,Tổng CTCP Bia - Rượu - Nước giải khát Sài Gòn - HOSE,18. Nhóm cổ phiếu ngành thực phẩm,thực phẩm
SAF,CTCP Lương thực Thực phẩm Safoco - HNX,18. Nhóm cổ phiếu ngành thực phẩm,thực phẩm
SBT,CTCP Thành Thành Công - Biên Hòa - HOSE,18. Nhóm cổ phiếu ngành thực phẩm,thực phẩm
SCD,CTCP Nước giải khát Chương Dương - HOSE,18. Nhóm cổ phiếu ngành thực phẩm,thực phẩm
SGC,CTCP Xuất nhập khẩu Sa Giang - HNX,18. Nhóm cổ phiếu ngành thực phẩm,thực phẩm
SLS,CTCP Mía Đường Sơn La - HNX,18. Nhóm cổ phiếu ngành thực phẩm,thực phẩm
SMB,CTCP Bia Sài Gòn - Miền Trung - HOSE,18. Nhóm cổ phiếu ngành thực phẩm,thực phẩm
TAC,Công ty Cổ phần Dầu Thực vật Tường An - HOSE,18. Nhóm cổ phiếu ngành thực phẩm,thực phẩm
TAR,CTCP Nông nghiệp Công nghệ cao Trung An - HSX,18. Nhóm cổ phiếu ngành thực phẩm,thực phẩm
THB,CTCP Bia Hà Nội - Thanh Hóa - HNX,18. Nhóm cổ phiếu ngành thực phẩm,thực phẩm
VCF,CTCP Vinacafé Biên Hòa - HSX,18. Nhóm cổ phiếu ngành thực phẩm,thực phẩm
VDL,CTCP Thực phẩm Lâm Đồng - HNX,18. Nhóm cổ phiếu ngành thực phẩm,thực phẩm
VHE,CTCP Dược liệu và Thực phẩm Việt Nam - HNX,18. Nhóm cổ phiếu ngành thực phẩm,thực phẩm
VLF,CTCP Lương thực Thực phẩm Vĩnh Long - Upcom,18. Nhóm cổ phiếu ngành thực phẩm,thực phẩm
VNM,CTCP Sữa Việt Nam - HSX,18. Nhóm cổ phiếu ngành thực phẩm,thực phẩm
VSF,Tổng Công ty Lương thực Miền Nam – CTCP - Upcom,18. Nhóm cổ phiếu ngành thực phẩm,thực phẩm
VSN,Cty Cổ phần Việt Nam Kỹ nghệ súc sản - Upcom,18. Nhóm cổ phiếu ngành thực phẩm,thực phẩm
ABC,CTCP Truyền thông VMG,19. Nhóm cổ phiếu ngành bưu chính viễn thông,bưu chính viễn thông
EMS,Tổng Công ty Chuyển phát nhanh Bưu Điện - CTCP,19. Nhóm cổ phiếu ngành bưu chính viễn thông,bưu chính viễn thông
MFS,CTCP Dịch vụ kỹ thuật Mobifone,19. Nhóm cổ phiếu ngành bưu chính viễn thông,bưu chính viễn thông
PAI,"CTCP Công nghệ thông tin, viễn thông và tự động hóa dầu khí",19. Nhóm cổ phiếu ngành bưu chính viễn thông,bưu chính viễn thông
PIA,CTCP tin học viễn thông Petrolimex,19. Nhóm cổ phiếu ngành bưu chính viễn thông,bưu chính viễn thông
POX,CTCP Viễn thông FPT,19. Nhóm cổ phiếu ngành bưu chính viễn thông,bưu chính viễn thông
PTP,CTCP dịch vụ viễn thông và in Bưu Điện,19. Nhóm cổ phiếu ngành bưu chính viễn thông,bưu chính viễn thông
TTN,CTCP Công nghệ và truyền thông Việt Nam,19. Nhóm cổ phiếu ngành bưu chính viễn thông,bưu chính viễn thông
VGI,Tổng CTCP đầu tư Quốc tế Viettel,19. Nhóm cổ phiếu ngành bưu chính viễn thông,bưu chính viễn thông
GVR,Tập đoàn Công nghiệp cao su Việt Nam,21. Nhóm cổ phiếu ngành cao su,cao su
HRC,Công ty CP cao su Hòa Bình,21. Nhóm cổ phiếu ngành cao su,cao su
PHR,CTCP cao su Phước Hòa,21. Nhóm cổ phiếu ngành cao su,cao su
RBC,Công ty CP Công nghiệp và xuất nhập khẩu cao su,21. Nhóm cổ phiếu ngành cao su,cao su
BRC,Công ty CP cao su Bến Thành,21. Nhóm cổ phiếu ngành cao su,cao su
BRR,Công ty CP cao su Bà Rịa,21. Nhóm cổ phiếu ngành cao su,cao su
CDR,Công ty CP Xây dựng cao su Đồng Nai,21. Nhóm cổ phiếu ngành cao su,cao su
CSM,CTCP Công nghiệp Cao su Miền Nam,21. Nhóm cổ phiếu ngành cao su,cao su
DPR,Công ty CP Cao su Đồng Phú,21. Nhóm cổ phiếu ngành cao su,cao su
DRC,Công ty CP cao su Đà Nẵng,21. Nhóm cổ phiếu ngành cao su,cao su
DRG,Công ty CP cao su Đắk Lắk,21. Nhóm cổ phiếu ngành cao su,cao su
DRI,Công ty CP Đầu tư cao su Đăk Lăk,21. Nhóm cổ phiếu ngành cao su,cao su
HRG,Công ty CP Cao su Hà Nội,21. Nhóm cổ phiếu ngành cao su,cao su
IRC,Công ty CP Cao su Công nghiệp,21. Nhóm cổ phiếu ngành cao su,cao su
RCD,Công ty CP xây dựng Địa ốc cao su,21. Nhóm cổ phiếu ngành cao su,cao su
RTB,Công ty CP cao su Tân Biên,21. Nhóm cổ phiếu ngành cao su,cao su
SBR,Công ty CP Cao su Sông Bé,21. Nhóm cổ phiếu ngành cao su,cao su
SRC,CTCP Cao su Sao Vàng,21. Nhóm cổ phiếu ngành cao su,cao su
TNC,Công ty CP cao su Thống Nhất,21. Nhóm cổ phiếu ngành cao su,cao su
TRC,Công ty CP Cao su Tây Ninh,21. Nhóm cổ phiếu ngành cao su,cao su
VHG,Công ty CP cao su Quảng Nam,21. Nhóm cổ phiếu ngành cao su,cao su
VRG,Công ty CP Phát triển đô thị và khu công nghiệp cao su Việt Nam,21. Nhóm cổ phiếu ngành cao su,cao su
